dataset,lambda,method,cached,compute_seconds,initialization,early_exaggeration_iter,perplexity,zoom_offset,rms_motion_to_next,nn_recall,global_distance_spearman
fashion_mnist,1.0,PCA endpoint,False,0.000403750003897585,analytic PCA,0,30,0.0,0.7281716465950012,0.09602,0.9010469441662076
fashion_mnist,0.5,DREAMS,False,249.48232200001075,scaled PCA,250,30,0.7,0.5542722344398499,0.41858,0.8787940116278612
fashion_mnist,0.25,DREAMS,False,156.1938157090044,lambda=0.5,0,30,1.05,0.36272457242012024,0.4952,0.8538592772776646
fashion_mnist,0.15,DREAMS,False,319.11210612500145,lambda=0.25,0,30,1.25,0.935316801071167,0.50674,0.8381098267875124
fashion_mnist,0.05,DREAMS,False,149.78136454201012,lambda=0.15,0,30,1.55,0.7764216065406799,0.5124,0.786049149907871
fashion_mnist,0.0,t-SNE endpoint,False,152.52452300000004,lambda=0.05,0,30,2.5,,0.51166,0.7352659427848949
mnist,1.0,PCA endpoint,False,0.0004723750025732443,analytic PCA,0,30,0.0,0.6675730347633362,0.04622,0.5765770155518164
mnist,0.5,DREAMS,False,271.4469749159907,scaled PCA,250,30,0.7,0.49260544776916504,0.3196,0.543424938366305
mnist,0.25,DREAMS,False,164.83478716600803,lambda=0.5,0,30,1.05,0.3852679431438446,0.44392,0.5069794772095861
mnist,0.15,DREAMS,False,322.0035215000098,lambda=0.25,0,30,1.25,0.5607599020004272,0.45842,0.4820575060783234
mnist,0.05,DREAMS,False,152.25446087498858,lambda=0.15,0,30,1.55,0.3843306303024292,0.47114,0.44817794738300454
mnist,0.0,t-SNE endpoint,False,155.37941779199173,lambda=0.05,0,30,2.5,,0.47164,0.43596748973497157
20_newsgroups,1.0,PCA endpoint,False,0.0004800000024260953,analytic PCA,0,30,0.0,0.05247985199093819,0.02246,0.35226891282998585
20_newsgroups,0.5,DREAMS,False,98.66031179200218,scaled PCA,250,30,0.7,0.046317607164382935,0.21318,0.36268598223724896
20_newsgroups,0.25,DREAMS,False,47.59260274999542,lambda=0.5,0,30,1.05,0.021650271490216255,0.38038,0.36599104366062857
20_newsgroups,0.15,DREAMS,False,46.8720911660057,lambda=0.25,0,30,1.25,0.05288272723555565,0.39974,0.36752440339281534
20_newsgroups,0.05,DREAMS,False,46.431374874999165,lambda=0.15,0,30,1.55,0.03840244933962822,0.40892,0.3707475330581669
20_newsgroups,0.0,t-SNE endpoint,False,46.010492375004105,lambda=0.05,0,30,2.5,,0.4091,0.37471121616144154
