dataset,lambda,zoom_offset,nn_recall_p150,nn_recall_p30,nn_recall_change,global_distance_spearman_p150,global_distance_spearman_p30,global_distance_spearman_change
fashion_mnist,1.0,0.0,0.09602,0.09602,0.0,0.9010469441662076,0.9010469441662076,0.0
fashion_mnist,0.5,0.7,0.35196,0.41858,0.06662000000000001,0.8577282414352866,0.8787940116278612,0.021065770192574607
fashion_mnist,0.25,1.05,0.4007,0.4952,0.09449999999999997,0.798416517531718,0.8538592772776646,0.05544275974594659
fashion_mnist,0.15,1.25,0.41232,0.50674,0.09441999999999995,0.7726822058020291,0.8381098267875124,0.06542762098548338
fashion_mnist,0.05,1.55,0.42074,0.5124,0.09165999999999996,0.726107008463983,0.786049149907871,0.059942141443887986
fashion_mnist,0.0,2.5,0.42236,0.51166,0.08929999999999999,0.7069112298579974,0.7352659427848949,0.028354712926897507
mnist,1.0,0.0,0.04622,0.04622,0.0,0.5765770155518164,0.5765770155518164,0.0
mnist,0.5,0.7,0.26276,0.3196,0.05684,0.5136633027748502,0.543424938366305,0.029761635591454838
mnist,0.25,1.05,0.36714,0.44392,0.07677999999999996,0.46890859266436524,0.5069794772095861,0.038070884545220895
mnist,0.15,1.25,0.39264,0.45842,0.06578,0.4442773064983726,0.4820575060783234,0.03778019957995077
mnist,0.05,1.55,0.41468,0.47114,0.05646000000000001,0.44233686029384517,0.44817794738300454,0.005841087089159369
mnist,0.0,2.5,0.41888,0.47164,0.05276000000000003,0.44302934694567686,0.43596748973497157,-0.007061857210705291
20_newsgroups,1.0,0.0,0.02246,0.02246,0.0,0.35226891282998585,0.35226891282998585,0.0
20_newsgroups,0.5,0.7,0.2178,0.21318,-0.004619999999999985,0.3801960734899719,0.36268598223724896,-0.01751009125272296
20_newsgroups,0.25,1.05,0.34184,0.38038,0.03854000000000002,0.38247362104570903,0.36599104366062857,-0.016482577385080466
20_newsgroups,0.15,1.25,0.36918,0.39974,0.030559999999999976,0.38787554395178214,0.36752440339281534,-0.020351140558966807
20_newsgroups,0.05,1.55,0.38732,0.40892,0.021600000000000008,0.396383015153929,0.3707475330581669,-0.025635482095762108
20_newsgroups,0.0,2.5,0.38846,0.4091,0.02063999999999999,0.39993528285380087,0.37471121616144154,-0.025224066692359326
mammoth,1.0,0.0,0.43524,0.43524,0.0,0.9911163674008396,0.9911163674008396,0.0
mammoth,0.5,0.7,0.66712,0.75302,0.08589999999999998,0.97920642953259,0.9882018735355664,0.008995444002976472
mammoth,0.25,1.05,0.70192,0.7892,0.08728000000000002,0.9611100903432219,0.9850666388402574,0.023956548497035435
mammoth,0.15,1.25,0.70802,0.79898,0.09096000000000004,0.9468716453919452,0.9821824823955846,0.03531083700363935
mammoth,0.05,1.55,0.71304,0.80658,0.09353999999999996,0.9298628754565063,0.970184026249148,0.04032115079264176
mammoth,0.0,2.5,0.71488,0.80928,0.09440000000000004,0.9192394780999353,0.95686304282661,0.03762356472667472
