zoom,nn_recall,global_distance_spearman
0.0,0.04622,0.5765770155518164
0.025,0.04862,0.5763414476824094
0.05,0.05088,0.5760367121068547
0.07500000000000001,0.05296,0.5756621776761857
0.1,0.05544,0.5752169633592467
0.125,0.05766,0.5747010315105823
0.15000000000000002,0.0604,0.5741151177885961
0.17500000000000002,0.06378,0.5734579822112738
0.2,0.06664,0.572729315959432
0.225,0.06922,0.5719295514049807
0.25,0.07348,0.5710573108927848
0.275,0.0781,0.5701143829140133
0.30000000000000004,0.08282,0.5690998569745755
0.325,0.08788,0.5680136562562401
0.35000000000000003,0.09426,0.566856442382623
0.375,0.10156,0.5656287773580542
0.4,0.10922,0.5643313069717126
0.42500000000000004,0.11768,0.5629633037312467
0.45,0.12836,0.5615252791241585
0.47500000000000003,0.13948,0.5600178034550263
0.5,0.15218,0.5584411325688959
0.525,0.16678,0.5567966236290248
0.55,0.1854,0.5550835957861828
0.5750000000000001,0.20688,0.5533047478653422
0.6000000000000001,0.22908,0.5514584301273366
0.625,0.25374,0.5495463909024298
0.65,0.27902,0.5475696622450124
0.675,0.302,0.5455289201204871
0.7,0.3196,0.543424938366305
0.7250000000000001,0.32232,0.5414784302791731
0.75,0.3237,0.5394212268244333
0.775,0.32448,0.5372539339986604
0.8,0.32588,0.534979536321885
0.8250000000000001,0.32786,0.5325997301437406
0.8500000000000001,0.33122,0.5301186039005432
0.875,0.3367,0.5275385803376825
0.9,0.34522,0.5248629972660065
0.925,0.3555,0.5220926576834175
0.9500000000000001,0.37002,0.5192332515045401
0.9750000000000001,0.38856,0.5162882502640629
1.0,0.4102,0.5132616816732822
1.0250000000000001,0.43082,0.5101575883573306
1.05,0.44392,0.5069794772095861
1.075,0.44172,0.5046206948545824
1.1,0.43594,0.5020278754548699
1.125,0.4303,0.49921257530199786
1.1500000000000001,0.42996,0.49618581600212147
1.175,0.43498,0.4929556163266627
1.2000000000000002,0.4413,0.48952429989440527
1.225,0.45002,0.48589034672150105
1.25,0.45842,0.4820575060783234
1.2750000000000001,0.45682,0.48007154240626604
1.3,0.45358,0.4779082384258296
1.3250000000000002,0.44954,0.4755748788030555
1.35,0.44704,0.4730828176904986
1.375,0.44402,0.4704382180865719
1.4000000000000001,0.4439,0.4676488600567238
1.425,0.44552,0.46471852973430383
1.4500000000000002,0.45018,0.46165482926789647
1.475,0.45544,0.45846421606477894
1.5,0.4611,0.4551537596319819
1.5250000000000001,0.46748,0.45172489622448
1.55,0.47114,0.44817794738300454
1.5750000000000002,0.47074,0.4479968996633729
1.6,0.47068,0.44780808629588187
1.625,0.47012,0.44761230741147107
1.6500000000000001,0.46948,0.44740904628798817
1.675,0.46862,0.4471985888436486
1.7000000000000002,0.46842,0.4469804179071893
1.725,0.4683,0.44675518780867807
1.75,0.4678,0.4465226164198094
1.7750000000000001,0.46728,0.4462829504292365
1.8,0.46672,0.44603530460953
1.8250000000000002,0.46598,0.4457808531223674
1.85,0.46536,0.4455192513757442
1.875,0.4646,0.4452495047893297
1.9000000000000001,0.46394,0.44497284045399427
1.925,0.46376,0.44468770805617963
1.9500000000000002,0.4635,0.44439531645243335
1.975,0.46344,0.44409579514267083
2.0,0.46328,0.4437881095725291
2.025,0.46288,0.44347269641953896
2.0500000000000003,0.46316,0.4431494320499537
2.075,0.4634,0.44281845527990304
2.1,0.46358,0.44247967833929924
2.125,0.46398,0.44213289276033224
2.15,0.46422,0.4417787896253711
2.1750000000000003,0.46466,0.4414160597063821
2.2,0.46528,0.4410451250148449
2.225,0.46584,0.44066604787469393
2.25,0.46662,0.44027873504510295
2.275,0.46734,0.4398837010599769
2.3000000000000003,0.46786,0.4394808002891125
2.325,0.46824,0.4390695761447987
2.35,0.46902,0.4386507710919417
2.375,0.46946,0.43822342724185037
2.4000000000000004,0.47014,0.4377884199312136
2.4250000000000003,0.47062,0.437345299382933
2.45,0.47108,0.43689412921482584
2.475,0.47134,0.4364349073139955
2.5,0.47164,0.43596748973497157
