dataset,exaggeration,method,cached,n_iter,perplexity,initialization,sequence_compute_seconds,zoom_offset,rms_motion_to_next,nn_recall,global_distance_spearman
mammoth,8.0,NE-spectrum,False,1000,30,scaled PCA,302.6772474159952,0.0,1.0827146768569946,0.55834,0.8832903405032365
mammoth,7.336032,NE-spectrum,False,1000,30,rho=8,302.6772474159952,0.21082443811190668,0.543184757232666,0.56876,0.8761962338891148
mammoth,6.727171,NE-spectrum,False,1000,30,rho=7.33603,302.6772474159952,0.42164876341860075,0.2926996648311615,0.57916,0.8726931910853073
mammoth,6.168843,NE-spectrum,False,1000,30,rho=6.72717,302.6772474159952,0.6324730893847544,0.22979426383972168,0.58922,0.8704111509015074
mammoth,6.0,NE-spectrum,False,1000,30,rho=6.16884,302.6772474159952,0.7,0.22304849326610565,0.59292,0.868964872452252
mammoth,5.656854,NE-spectrum,False,1000,30,rho=6,302.6772474159952,0.7297368975226443,0.2080756276845932,0.60736,0.8688107150354016
mammoth,5.187358,NE-spectrum,False,1000,30,rho=5.65685,302.6772474159952,0.7734868965315673,0.19690966606140137,0.61512,0.8731268340384596
mammoth,4.756828,NE-spectrum,False,1000,30,rho=5.18736,302.6772474159952,0.8172369240831352,0.1790643185377121,0.62198,0.8744965627020738
mammoth,4.362031,NE-spectrum,False,1000,30,rho=4.75683,302.6772474159952,0.8609868672258121,0.10398116707801819,0.6295,0.8760505224672005
mammoth,4.0,NE-spectrum,False,1000,30,rho=4.36203,302.6772474159952,0.9047368752524048,0.13458865880966187,0.64288,0.8753139600928234
mammoth,3.668016,NE-spectrum,False,1000,30,rho=4,302.6772474159952,0.9484868990428212,0.3663397431373596,0.65506,0.8747337773449085
mammoth,3.363586,NE-spectrum,False,1000,30,rho=3.66802,302.6772474159952,0.9922368243637779,0.11071935296058655,0.67206,0.8741825679159351
mammoth,3.084422,NE-spectrum,False,1000,30,rho=3.36359,302.6772474159952,1.0359868180883143,0.05450466275215149,0.6802,0.8732892147187626
mammoth,3.0,NE-spectrum,False,1000,30,rho=3.08442,302.6772474159952,1.05,0.10964162647724152,0.68388,0.8733265642058823
mammoth,2.828427,NE-spectrum,False,1000,30,rho=3,302.6772474159952,1.079048892619841,0.18286727368831635,0.69002,0.8732668419186773
mammoth,2.593679,NE-spectrum,False,1000,30,rho=2.82843,302.6772474159952,1.1217866739354803,0.1958967000246048,0.69936,0.8705981171303309
mammoth,2.378414,NE-spectrum,False,1000,30,rho=2.59368,302.6772474159952,1.1645244831333903,0.09605666249990463,0.70794,0.8703215739643254
mammoth,2.181015,NE-spectrum,False,1000,30,rho=2.37841,302.6772474159952,1.207262322955851,0.1267429143190384,0.71636,0.868417771874537
mammoth,2.0,NE-spectrum,False,1000,30,rho=2.18101,302.6772474159952,1.25,0.12927831709384918,0.724,0.8686139952275226
mammoth,1.834008,NE-spectrum,False,1000,30,rho=2,302.6772474159952,1.3403533306193887,0.1433778703212738,0.73218,0.866682340025596
mammoth,1.681793,NE-spectrum,False,1000,30,rho=1.83401,302.6772474159952,1.4307064578778896,0.14123737812042236,0.74164,0.8646643997389735
mammoth,1.542211,NE-spectrum,False,1000,30,rho=1.68179,302.6772474159952,1.521059726404685,0.07284608483314514,0.7512,0.8639127674165539
mammoth,1.5,NE-spectrum,False,1000,30,rho=1.54221,302.6772474159952,1.55,0.09583182632923126,0.7552,0.8636592611104436
mammoth,1.414214,NE-spectrum,False,1000,30,rho=1.5,302.6772474159952,1.6879814115729002,0.17660023272037506,0.76286,0.865125722822129
mammoth,1.29684,NE-spectrum,False,1000,30,rho=1.41421,302.6772474159952,1.8909857978481912,0.2193441390991211,0.77232,0.8653130742039419
mammoth,1.189207,NE-spectrum,False,1000,30,rho=1.29684,302.6772474159952,2.0939912948836037,0.18464326858520508,0.78414,0.8611014176231854
mammoth,1.090508,NE-spectrum,False,1000,30,rho=1.18921,302.6772474159952,2.296994959775442,0.28852182626724243,0.79488,0.859188349895772
mammoth,1.0,t-SNE endpoint,False,1000,30,rho=1.09051,302.6772474159952,2.5,,0.80788,0.8556364499284034
