dataset,lambda,method,cached,compute_seconds,initialization,early_exaggeration_iter,perplexity,knn_recall,distance_correlation,zoom_offset,rms_motion_to_next
fashion_mnist,1.0,PCA endpoint,True,0.0005235000062384643,analytic PCA,0,150,0.09602000000000001,0.9011467510137214,0.0,1.040303349494934
fashion_mnist,0.5,DREAMS,True,78.45662883399928,scaled PCA,250,150,0.35194000000000003,0.8635531384881306,0.7,0.9521402716636658
fashion_mnist,0.25,DREAMS,True,53.361898875002225,lambda=0.5,0,150,0.4007,0.8072280710691719,1.05,0.4471971094608307
fashion_mnist,0.15,DREAMS,True,52.421817417001876,lambda=0.25,0,150,0.41231999999999996,0.7790009105262209,1.25,0.7758697867393494
fashion_mnist,0.05,DREAMS,True,51.75227666700084,lambda=0.15,0,150,0.42073999999999995,0.7231969196487251,1.55,0.39131465554237366
fashion_mnist,0.0,t-SNE endpoint,True,51.587348749999364,lambda=0.05,0,150,0.42236,0.70043955333719,2.5,
mnist,1.0,PCA endpoint,True,0.0007137089996831492,analytic PCA,0,150,0.046220000000000004,0.560534549827767,0.0,0.9973672032356262
mnist,0.5,DREAMS,True,276.4810732920014,scaled PCA,250,150,0.26276000000000005,0.49795452665608003,0.7,0.5882521271705627
mnist,0.25,DREAMS,True,177.19547895900178,lambda=0.5,0,150,0.36713999999999997,0.453752968718164,1.05,0.3873803913593292
mnist,0.15,DREAMS,True,176.87105079100002,lambda=0.25,0,150,0.39264,0.43300774267542996,1.25,0.2998141944408417
mnist,0.05,DREAMS,True,174.1498378749966,lambda=0.15,0,150,0.41467999999999994,0.43033457981450174,1.55,0.16806888580322266
mnist,0.0,t-SNE endpoint,True,142.94632287499553,lambda=0.05,0,150,0.41888000000000003,0.43017565698780985,2.5,
20_newsgroups,1.0,PCA endpoint,True,0.0004732919987873174,analytic PCA,0,150,0.02246,0.33895088064271117,0.0,0.07681561261415482
20_newsgroups,0.5,DREAMS,True,207.04817841699696,scaled PCA,250,150,0.2178,0.36832730439280814,0.7,0.051429785788059235
20_newsgroups,0.25,DREAMS,True,96.82799845800037,lambda=0.5,0,150,0.34184000000000003,0.3744059968993823,1.05,0.021671516820788383
20_newsgroups,0.15,DREAMS,True,56.182526582997525,lambda=0.25,0,150,0.36916000000000004,0.3788475323066196,1.25,0.038871247321367264
20_newsgroups,0.05,DREAMS,True,55.62740266699984,lambda=0.15,0,150,0.38732,0.3874417239413462,1.55,0.02051796205341816
20_newsgroups,0.0,t-SNE endpoint,True,57.481619459002104,lambda=0.05,0,150,0.38845999999999997,0.3905306751238929,2.5,
